indice_tiempo,jubilaciones_sipa_transparencia,pensiones_sipa_transparencia,jubilaciones_pensiones_sipa,asignacion_familiar_hijo_hijo_discapacitado,asignacion_familiar_prenatal,asignacion_universal_hijo_hijo_discapacitado_trasparencia,asignacion_universal_por_embarazo,titulares_progresar,jubilaciones_sipa_datos_abiertos,pensiones_sipa_datos_abiertos,total_jubilaciones_pensiones_sipa_datos_abiertos,pension_universal_adulto_mayor,asignacion_familiar_hijo_discapacitado,asignacion_familiar_prenatal_datos_abiertos,asignacion_universal_hijo_hijo_discapacitado_datos_abiertos,asignacion_universal_embarazo,prestaciones_seguro_desempleo,ninios_adp,total_aaff_auh,asignacion_universal_hijo_monotributo_social,asignacion_universal_hijo_servicio_domestico,asignacion_universal_hijo_monotributo_soc_servicio_domestico,asignacion_universal_hijo_otra_condicion,total_auh,asignaciones_familiares_suaf_relacion_dependencia,asignaciones_familiares_suaf_monotributo,asignaciones_familiares_desempleo,asignaciones_familiares_pasivos_sipa,asignaciones_familiares_pasivos_ex_combatientes,asignaciones_familiares_pasivos_pension_no_contributiva,total_aaff
2009-01-01,3953767.0,1448047.0,5401814.0,3075101.0,53703.0,,,,,,,,,,,,,,,,,,,,,,,,,,
2009-02-01,3980719.0,1456485.0,5437204.0,3115711.0,52993.0,,,,,,,,,,,,,,,,,,,,,,,,,,
2009-03-01,3989424.0,1467479.0,5456903.0,3158774.0,53891.0,,,,,,,,,,,,,,,,,,,,,,,,,,
2009-04-01,4000360.0,1459223.0,5459583.0,3183378.0,54901.0,,,,,,,,,,,,,,,,,,,,,,,,,,
2009-05-01,4016805.0,1455694.0,5472499.0,3216057.0,56586.0,,,,,,,,,,,,,,,,,,,,,,,,,,
2009-06-01,4042876.0,1464213.0,5507089.0,3271121.0,53208.0,,,,,,,,,,,,,,,,,,,,,,,,,,
2009-07-01,4061399.0,1468209.0,5529608.0,3298677.0,54271.0,,,,,,,,,,,,,,,,,,,,,,,,,,
2009-08-01,4085140.0,1472825.0,5557965.0,3316687.0,57329.0,,,,,,,,,,,,,,,,,,,,,,,,,,
2009-09-01,4095550.0,1475296.0,5570846.0,3315549.0,59251.0,,,,,,,,,,,,,,,,,,,,,,,,,,
2009-10-01,4118665.0,1482393.0,5601058.0,3345388.0,61494.0,,,,,,,,,,,,,,,,,,,,,,,,,,
2009-11-01,4136474.0,1488267.0,5624741.0,3203439.0,60835.0,3311805.0,,,,,,,,,,,,,,,,,,,,,,,,,
2009-12-01,4153742.0,1491603.0,5645345.0,3142177.0,61079.0,3408222.0,,,,,,,,,,,,,,,,,,,,,,,,,
2010-01-01,4170379.0,1495391.0,5665770.0,3149627.0,59764.0,3224651.0,,,,,,,,,,,,,,,,,,,,,,,,,
2010-02-01,4184487.0,1491448.0,5675935.0,3231804.0,60443.0,3411530.0,,,,,,,,,,,,,,,,,,,,,,,,,
2010-03-01,4186759.0,1491259.0,5678018.0,3288694.0,60128.0,3518245.0,,,,,,,,,,,,,,,,,,,,,,,,,
2010-04-01,4192824.0,1493368.0,5686192.0,3337860.0,61483.0,3677409.0,,,,,,,,,,,,,,,,,,,,,,,,,
2010-05-01,4203635.0,1497025.0,5700660.0,3416597.0,60553.0,3684441.0,,,,,,,,,,,,,,,,,,,,,,,,,
2010-06-01,4222518.0,1501220.0,5723738.0,3713211.0,61695.0,3509066.0,,,,,,,,,,,,,,,,,,,,,,,,,
2010-07-01,4231585.0,1502810.0,5734395.0,3850132.0,64424.0,3481082.0,,,,,,,,,,,,,,,,,,,,,,,,,
2010-08-01,4244639.0,1506398.0,5751037.0,3845703.0,65710.0,3398637.0,,,,,,,,,,,,,,,,,,,,,,,,,
2010-09-01,4250631.0,1509242.0,5759873.0,3837619.0,67844.0,3451519.0,,,,,,,,,,,,,,,,,,,,,,,,,
2010-10-01,4258917.0,1513346.0,5772263.0,3878832.0,69384.0,3458436.0,,,,,,,,,,,,,,,,,,,,,,,,,
2010-11-01,4263630.0,1515775.0,5779405.0,3870307.0,69385.0,3492646.0,,,,,,,,,,,,,,,,,,,,,,,,,
2010-12-01,4269392.0,1517451.0,5786843.0,3831107.0,68742.0,3513064.0,,,,,,,,,,,,,,,,,,,,,,,,,
2011-01-01,4271612.0,1518083.0,5789695.0,3844619.0,66360.0,3514600.0,,,,,,,,,,,,,,,,,,,,,,,,,
2011-02-01,4273779.0,1518648.0,5792427.0,3881241.0,65012.0,3507987.0,,,,,,,,,,,,,,,,,,,,,,,,,
2011-03-01,4271159.0,1518480.0,5789639.0,3776421.0,62576.0,3527527.0,,,,,,,,,,,,,,,,,,,,,,,,,
2011-04-01,4273344.0,1519967.0,5793311.0,3755345.0,63071.0,3549665.0,,,,,,,,,,,,,,,,,,,,,,,,,
2011-05-01,4276442.0,1521626.0,5798068.0,3633415.0,59118.0,3580847.0,5170.0,,,,,,,,,,,,,,,,,,,,,,,,
2011-06-01,4279942.0,1523655.0,5803597.0,3639786.0,58810.0,3576911.0,36191.0,,,,,,,,,,,,,,,,,,,,,,,,
2011-07-01,4282852.0,1525491.0,5808343.0,3602587.0,58290.0,3537608.0,48805.0,,,,,,,,,,,,,,,,,,,,,,,,
2011-08-01,4283580.0,1525899.0,5809479.0,3681362.0,60256.0,3536822.0,54743.0,,,,,,,,,,,,,,,,,,,,,,,,
2011-09-01,4284852.0,1527002.0,5811854.0,3683301.0,60622.0,3508060.0,59282.0,,,,,,,,,,,,,,,,,,,,,,,,
2011-10-01,4287863.0,1529015.0,5816878.0,3650496.0,60299.0,3484768.0,63576.0,,,,,,,,,,,,,,,,,,,,,,,,
2011-11-01,4290093.0,1530908.0,5821001.0,3578387.0,59274.0,3527900.0,67527.0,,,,,,,,,,,,,,,,,,,,,,,,
2011-12-01,4294286.0,1532864.0,5827150.0,3521655.0,57309.0,3507223.0,68580.0,,,,,,,,,,,,,,,,,,,,,,,,
2012-01-01,4300326.0,1536121.0,5836447.0,3570892.0,54692.0,3528749.0,65540.0,,,,,,,,,,,,,,,,,,,,,,,,
2012-02-01,4301997.0,1536442.0,5838439.0,3568945.0,53646.0,3517143.0,61132.0,,,,,,,,,,,,,,,,,,,,,,,,
2012-03-01,4300898.0,1536962.0,5837860.0,3467587.0,52531.0,3467401.0,56328.0,,,,,,,,,,,,,,,,,,,,,,,,
2012-04-01,4299381.0,1535895.0,5835276.0,3283106.0,48343.0,3455935.0,53581.0,,,,,,,,,,,,,,,,,,,,,,,,
2012-05-01,4301899.0,1538696.0,5840595.0,3125206.0,46005.0,3427448.0,51342.0,,,,,,,,,,,,,,,,,,,,,,,,
2012-06-01,4304498.0,1540679.0,5845177.0,3144331.0,46577.0,3424458.0,55794.0,,,,,,,,,,,,,,,,,,,,,,,,
2012-07-01,4308371.0,1542361.0,5850732.0,3035577.0,45114.0,3350375.0,57125.0,,,,,,,,,,,,,,,,,,,,,,,,
2012-08-01,4311353.0,1545267.0,5856620.0,3639576.0,53016.0,3281825.0,57342.0,,,,,,,,,,,,,,,,,,,,,,,,
2012-09-01,4313635.0,1548149.0,5861784.0,3551481.0,50640.0,3302517.0,61062.0,,,,,,,,,,,,,,,,,,,,,,,,
2012-10-01,4314965.0,1549857.0,5864822.0,3465347.0,49670.0,3301759.0,61835.0,,,,,,,,,,,,,,,,,,,,,,,,
2012-11-01,4317990.0,1552401.0,5870391.0,3436707.0,50876.0,3319589.0,64439.0,,,,,,,,,,,,,,,,,,,,,,,,
2012-12-01,4323226.0,1555896.0,5879122.0,3361167.0,46814.0,3314179.0,69024.0,,,,,,,,,,,,,,,,,,,,,,,,
2013-01-01,4327694.0,1558904.0,5886598.0,3379016.0,44093.0,3312619.0,64268.0,,4330408.0,1560357.0,5890765.0,,3407210.0,50757.0,3314179.0,69024.0,92393.0,,,,,,,,,,,,,,
2013-02-01,4328594.0,1559132.0,5887726.0,3411583.0,43572.0,3273472.0,60968.0,,4331311.0,1560580.0,5891891.0,,3331159.0,46674.0,3312619.0,64268.0,91500.0,,,,,,,,,,,,,,
2013-03-01,4326837.0,1558680.0,5885517.0,3353465.0,43709.0,3289163.0,57372.0,,4329550.0,1560148.0,5889698.0,,3348081.0,44042.0,3273472.0,60968.0,92083.0,,,,,,,,,,,,,,
2013-04-01,4327090.0,1559594.0,5886684.0,3265143.0,43710.0,3283656.0,56656.0,,4329811.0,1561061.0,5890872.0,,3374952.0,43574.0,3289163.0,57372.0,88764.0,,,,,,,,,,,,,,
2013-05-01,4328250.0,1561787.0,5890037.0,3499152.0,48432.0,3294916.0,58075.0,,4330976.0,1563251.0,5894227.0,,3311760.0,43757.0,3283656.0,56656.0,91986.0,,,,,,,,,,,,,,
2013-06-01,4330913.0,1564730.0,5895643.0,3502457.0,47810.0,3294760.0,65081.0,,4333649.0,1566201.0,5899850.0,,3230509.0,43814.0,3294916.0,58075.0,100350.0,,,,,,,,,,,,,,
2013-07-01,4334004.0,1567335.0,5901339.0,4266221.0,47850.0,3331274.0,67502.0,,4336747.0,1568802.0,5905549.0,,3462307.0,48495.0,3294760.0,65081.0,96854.0,,,,,,,,,,,,,,
2013-08-01,4334955.0,1568634.0,5903589.0,4546618.0,57104.0,3355019.0,69644.0,,4337708.0,1570096.0,5907804.0,,3452544.0,47796.0,3331274.0,67502.0,96964.0,,,,,,,,,,,,,,
2013-09-01,4333967.0,1568465.0,5902432.0,4499334.0,58616.0,3426125.0,72788.0,,4336738.0,1569920.0,5906658.0,,4229906.0,47893.0,3355019.0,69644.0,99829.0,,,,,,,,,,,,,,
2013-10-01,4333159.0,1569361.0,5902520.0,4494340.0,61043.0,3439146.0,73395.0,,4335948.0,1570813.0,5906761.0,,4513018.0,57140.0,3426125.0,72788.0,95161.0,,,,,,,,,,,,,,
2013-11-01,4333359.0,1570517.0,5903876.0,4510948.0,61595.0,3459574.0,76240.0,,4336164.0,1571964.0,5908128.0,,4459988.0,58594.0,3439146.0,73395.0,93478.0,,,,,,,,,,,,,,
2013-12-01,4335772.0,1572088.0,5907860.0,4430128.0,59047.0,3478267.0,82531.0,,4338596.0,1573533.0,5912129.0,,4455201.0,61033.0,3459574.0,76240.0,91578.0,,,,,,,,,,,,,,
2014-01-01,4339544.0,1574321.0,5913865.0,4451999.0,56162.0,3437375.0,78178.0,217766.0,4342365.0,1575761.0,5918126.0,,4461007.0,61497.0,3478267.0,82531.0,86117.0,12146486.0,7836404.0,387503.0,100656.0,3143.0,2946073.0,3437375.0,3855766.0,0.0,90157.0,258258.0,4449.0,190399.0,4399029.0
2014-02-01,4341706.0,1574907.0,5916613.0,4485024.0,54691.0,3410061.0,70640.0,278335.0,4344522.0,1576347.0,5920869.0,,4374517.0,58940.0,3437375.0,78178.0,85765.0,12180306.0,7837641.0,382285.0,98195.0,3063.0,2926518.0,3410061.0,3882130.0,0.0,90290.0,258334.0,4349.0,192477.0,4427580.0
2014-03-01,4341493.0,1575167.0,5916660.0,4475959.0,52545.0,3415499.0,69121.0,331866.0,4344318.0,1576600.0,5920918.0,,4392209.0,56074.0,3410061.0,70640.0,84685.0,12242566.0,7830445.0,384061.0,99042.0,2974.0,2929422.0,3415499.0,3866925.0,0.0,88566.0,257947.0,4414.0,197094.0,4414946.0
2014-04-01,4340858.0,1575718.0,5916576.0,4455309.0,52772.0,3348032.0,68254.0,368010.0,4343679.0,1577160.0,5920839.0,,4416737.0,54621.0,3415499.0,69121.0,80890.0,12252190.0,7741434.0,380431.0,96466.0,2970.0,2868165.0,3348032.0,3847193.0,0.0,83776.0,257633.0,4637.0,200163.0,4393402.0
2014-05-01,4342764.0,1576047.0,5918811.0,4432215.0,53105.0,3286310.0,63707.0,432325.0,4345584.0,1577488.0,5923072.0,,4407129.0,52510.0,3348032.0,68254.0,82911.0,12318212.0,7653514.0,361656.0,96129.0,2966.0,2825559.0,3286310.0,3815512.0,0.0,84764.0,257555.0,4260.0,205113.0,4367204.0
2014-06-01,4346900.0,1577886.0,5924786.0,4449324.0,55064.0,3259791.0,68195.0,448240.0,4349723.0,1579324.0,5929047.0,,4394308.0,52804.0,3286310.0,63707.0,86269.0,12374735.0,7639531.0,351069.0,95203.0,2895.0,2810624.0,3259791.0,3821199.0,0.0,87325.0,257498.0,4110.0,209608.0,4379740.0
2014-07-01,4351524.0,1580607.0,5932131.0,3837919.0,54445.0,3336688.0,69361.0,470465.0,4354347.0,1582040.0,5936387.0,,4366314.0,53172.0,3259791.0,68195.0,84148.0,12383347.0,7651652.0,368186.0,96235.0,2864.0,2869403.0,3336688.0,3752877.0,0.0,85042.0,258299.0,3978.0,214768.0,4314964.0
2014-08-01,4354500.0,1581973.0,5936473.0,3797481.0,56156.0,3438058.0,76148.0,510608.0,4357337.0,1583406.0,5940743.0,,4377113.0,55180.0,3336688.0,69361.0,86699.0,12445203.0,7714556.0,368234.0,101277.0,2978.0,2965569.0,3438058.0,3709347.0,0.0,88134.0,257038.0,3904.0,218075.0,4276498.0
2014-09-01,4355683.0,1583114.0,5938797.0,3611867.0,58789.0,3524924.0,81060.0,513214.0,4358521.0,1584560.0,5943081.0,,4314927.0,54528.0,3438058.0,76148.0,88871.0,12495050.0,7619833.0,380816.0,104744.0,3081.0,3036283.0,3524924.0,3521570.0,0.0,90297.0,257059.0,3799.0,222184.0,4094909.0
2014-10-01,4359107.0,1584830.0,5943937.0,3560717.0,58174.0,3542681.0,83597.0,552446.0,4361950.0,1586272.0,5948222.0,,4275492.0,56124.0,3524924.0,81060.0,88909.0,12544328.0,7589599.0,385105.0,98139.0,2820.0,3056617.0,3542681.0,3469537.0,0.0,91180.0,257340.0,3708.0,225153.0,4046918.0
2014-11-01,4401011.0,1586273.0,5987284.0,3576942.0,56691.0,3574765.0,93569.0,569604.0,4403869.0,1587717.0,5991586.0,,4096193.0,58759.0,3542681.0,83597.0,87310.0,12587704.0,7647629.0,390361.0,61950.0,1890.0,3120564.0,3574765.0,3487057.0,0.0,89885.0,258279.0,3594.0,234049.0,4072864.0
2014-12-01,4505820.0,1586564.0,6092384.0,3505319.0,53149.0,3597367.0,86994.0,418795.0,4508689.0,1588019.0,6096708.0,,4049903.0,58104.0,3574765.0,93569.0,82898.0,12626123.0,7608175.0,392274.0,102764.0,3140.0,3099189.0,3597367.0,3419332.0,0.0,85987.0,258371.0,2757.0,244361.0,4010808.0
2015-01-01,4552763.0,1585349.0,6138112.0,3476493.0,50770.0,3624230.0,82430.0,410686.0,4555630.0,1586805.0,6142435.0,,4074627.0,56555.0,3597367.0,86994.0,77735.0,12658139.0,7709881.0,393875.0,103552.0,3145.0,3123658.0,3624230.0,3487057.0,0.0,81494.0,259993.0,2729.0,254378.0,4085651.0
2015-02-01,4635749.0,1584414.0,6220163.0,3515118.0,48320.0,3621129.0,77352.0,541143.0,4638626.0,1585859.0,6224485.0,,4011901.0,53027.0,3624230.0,82430.0,76328.0,12703197.0,7644007.0,395327.0,104303.0,3254.0,3118245.0,3621129.0,3419332.0,0.0,79965.0,260023.0,2697.0,260861.0,4022878.0
2015-03-01,4689262.0,1585256.0,6274518.0,3445924.0,46070.0,3642302.0,69085.0,560627.0,4692156.0,1586701.0,6278857.0,,3995009.0,50681.0,3621129.0,77352.0,79285.0,12746109.0,7648214.0,395023.0,106145.0,3334.0,3137800.0,3642302.0,3394999.0,0.0,79542.0,260754.0,2599.0,268018.0,4005912.0
2015-04-01,4734466.0,1586622.0,6321088.0,3405060.0,45428.0,3617187.0,69022.0,702867.0,4737361.0,1588077.0,6325438.0,,4032057.0,48225.0,3642302.0,69085.0,70012.0,12796867.0,7660012.0,393898.0,105395.0,3319.0,3114575.0,3617187.0,3435153.0,0.0,72546.0,261502.0,2669.0,270955.0,4042825.0
2015-05-01,4775209.0,1587560.0,6362769.0,3329340.0,44323.0,3330683.0,78203.0,790114.0,4778133.0,1589015.0,6367148.0,,3971237.0,46038.0,3617187.0,69022.0,71287.0,12862827.0,7312669.0,365099.0,98009.0,3038.0,2864537.0,3330683.0,3366382.0,0.0,72916.0,262989.0,2591.0,277108.0,3981986.0
2015-06-01,4825972.0,1591317.0,6417289.0,3224352.0,42993.0,3385490.0,74523.0,,4828901.0,1592778.0,6421679.0,,3944487.0,45446.0,3330683.0,78203.0,70315.0,12887914.0,7340675.0,327788.0,100127.0,1877.0,2955698.0,3385490.0,3332496.0,0.0,71191.0,261654.0,2374.0,287470.0,3955185.0
2015-07-01,,,,,,,,,4859155.0,1594717.0,6453872.0,,3879291.0,44320.0,3385490.0,74523.0,73255.0,12920811.0,7336872.0,331139.0,102109.0,1939.0,3011730.0,3446917.0,3256424.0,0.0,71000.0,262262.0,2290.0,297979.0,3889955.0
2015-08-01,,,,,,,,,4914358.0,1597192.0,6511550.0,,3787233.0,42997.0,3446917.0,77025.0,66974.0,12950626.0,7329938.0,315157.0,105910.0,1547.0,3109507.0,3532121.0,3153161.0,0.0,66955.0,262820.0,2287.0,312594.0,3797817.0
2015-09-01,,,,,,,,,4950439.0,1599667.0,6550106.0,,3720151.0,42402.0,3532121.0,80053.0,64733.0,12977847.0,7328640.0,318261.0,106336.0,1518.0,3171839.0,3597954.0,3060219.0,0.0,64997.0,263759.0,2185.0,339526.0,3730686.0
2015-10-01,,,,,,,,,4966274.0,1599818.0,6566092.0,,3761707.0,41463.0,3597954.0,79277.0,64541.0,13009969.0,7320967.0,319935.0,108340.0,1342.0,3219313.0,3648930.0,3043805.0,0.0,64967.0,262392.0,2176.0,298697.0,3672037.0
2015-11-01,,,,,,,,,4982873.0,1601117.0,6583990.0,,3747675.0,40812.0,3648930.0,85447.0,63191.0,13027903.0,7442014.0,313340.0,109489.0,1320.0,3259989.0,3684138.0,3026859.0,0.0,64027.0,263026.0,2163.0,401801.0,3757876.0
2015-12-01,,,,,,,,,5016497.0,1605614.0,6622111.0,,3706417.0,40524.0,3684138.0,86974.0,63003.0,13055740.0,7440146.0,313717.0,108687.0,1384.0,3299975.0,3723763.0,2981714.0,0.0,63848.0,261296.0,2050.0,407475.0,3716383.0
2016-01-01,,,,,,,,,5027615.0,1606449.0,6634064.0,,3658064.0,38942.0,3723763.0,86633.0,62506.0,13063879.0,8334790.0,328250.0,109539.0,1461.0,3309119.0,3748369.0,3847535.0,0.0,63281.0,262099.0,1915.0,411591.0,4586421.0
2016-02-01,,,,,,,,,5038654.0,1606477.0,6645131.0,,3534441.0,36522.0,3748639.0,83880.0,61614.0,13087277.0,8396740.0,329563.0,109181.0,1453.0,3326403.0,3766600.0,3888573.0,0.0,62844.0,261736.0,1895.0,415092.0,4630140.0
2016-03-01,,,,,,,,,5052206.0,1608274.0,6660480.0,,4581165.0,43691.0,3766600.0,78640.0,61318.0,13109829.0,8641885.0,330755.0,108786.0,1469.0,3357484.0,3798494.0,3896589.0,203090.0,65366.0,261992.0,1971.0,414383.0,4843391.0
2016-04-01,,,,,,,,,5061017.0,1607770.0,6668787.0,,4644316.0,44275.0,3798494.0,73604.0,63664.0,13134992.0,8692861.0,331762.0,113151.0,1587.0,3382922.0,3829422.0,3878181.0,219522.0,66931.0,275812.0,3418.0,419575.0,4863439.0
2016-05-01,,,,,,,,,5080197.0,1609407.0,6689604.0,,4855254.0,46739.0,3829422.0,74777.0,65208.0,13169839.0,8658984.0,328771.0,115372.0,1660.0,3421487.0,3867290.0,3787896.0,237143.0,68651.0,275678.0,3075.0,419251.0,4791694.0
2016-06-01,,,,,,,,,5103213.0,1612784.0,6715997.0,,4860159.0,48591.0,3867290.0,75660.0,73161.0,13187341.0,8699608.0,317939.0,116724.0,1477.0,3486016.0,3922156.0,3752778.0,252186.0,74462.0,276217.0,2924.0,418885.0,4777452.0
2016-07-01,,,,,,,,,5121726.0,1615180.0,6736906.0,,4792431.0,50863.0,3922156.0,77203.0,77338.0,13197254.0,8684926.0,316314.0,116745.0,1513.0,3480750.0,3915322.0,3748118.0,245094.0,77178.0,277209.0,2830.0,419175.0,4769604.0
2016-08-01,,,,,,,,,5128650.0,1614686.0,6743336.0,,4777592.0,53497.0,3915322.0,78111.0,83688.0,13225962.0,8735710.0,317621.0,117886.0,1573.0,3489607.0,3926687.0,3759414.0,267069.0,82489.0,277515.0,2840.0,419696.0,4809023.0
2016-09-01,,,,,,,,,5149079.0,1617578.0,6766657.0,,4769149.0,54309.0,3926687.0,76511.0,88636.0,13230216.0,8761855.0,321283.0,116751.0,1635.0,3496889.0,3936558.0,3767920.0,271665.0,86218.0,277722.0,2628.0,419144.0,4825297.0
2016-10-01,,,,,,,,,5166624.0,1620418.0,6787042.0,734.0,4813896.0,56024.0,3936558.0,77253.0,94666.0,13242167.0,8788089.0,324924.0,117716.0,1689.0,3507936.0,3952265.0,3755072.0,283654.0,91551.0,278711.0,2733.0,424103.0,4835824.0
2016-11-01,,,,,,,,,5189635.0,1625245.0,6814880.0,840.0,4832625.0,56655.0,3952265.0,80183.0,94660.0,13263259.0,8803206.0,324837.0,117388.0,1658.0,3513943.0,3957826.0,3754474.0,288232.0,91220.0,283536.0,2700.0,425218.0,4845380.0
2016-12-01,,,,,,,,,5204516.0,1628902.0,6833418.0,1355.0,4837575.0,56810.0,3957826.0,84020.0,97701.0,13277920.0,8693761.0,328379.0,117872.0,1748.0,3519626.0,3967625.0,3709045.0,208675.0,93926.0,284530.0,2549.0,427411.0,4726136.0
2017-01-01,,,,,,,,,5222209.0,1632563.0,6854772.0,2338.0,4850294.0,57366.0,3967625.0,88632.0,98302.0,13278708.0,8974232.0,330763.0,117463.0,1713.0,3530816.0,3980755.0,3887787.0,288573.0,93943.0,288462.0,2571.0,432141.0,4993477.0
2017-02-01,,,,,,,,,5231782.0,1634881.0,6866663.0,3846.0,4733609.0,55415.0,3980755.0,87651.0,98993.0,13290133.0,8827851.0,319818.0,107948.0,1693.0,3303332.0,3732791.0,3973895.0,295823.0,94220.0,289836.0,2558.0,438728.0,5095060.0
2017-03-01,,,,,,,,,5236700.0,1636799.0,6873499.0,10619.0,5000574.0,56110.0,3732791.0,83677.0,100301.0,13291471.0,8862523.0,318904.0,107494.0,1676.0,3321139.0,3749213.0,3961522.0,318163.0,95435.0,293958.0,2741.0,441491.0,5113310.0
2017-04-01,,,,,,,,,5242040.0,1639368.0,6881408.0,12419.0,5094278.0,54917.0,3749213.0,78646.0,102153.0,13317439.0,8937762.0,321254.0,112045.0,1779.0,3367151.0,3802229.0,3981783.0,319875.0,96425.0,293663.0,2914.0,440873.0,5135533.0
2017-05-01,,,,,,,,,5247541.0,1641608.0,6889149.0,16426.0,5103488.0,54626.0,3802229.0,81161.0,101004.0,13323927.0,8929095.0,322561.0,113485.0,1746.0,3409056.0,3846848.0,3925681.0,323463.0,94613.0,294464.0,2849.0,441177.0,5082247.0
2017-06-01,,,,,,,,,5251452.0,1642936.0,6894388.0,19961.0,5130277.0,54424.0,3846848.0,78282.0,103297.0,13336171.0,8957466.0,327262.0,115039.0,1843.0,3442877.0,3887021.0,3906069.0,326453.0,96094.0,295686.0,2754.0,443389.0,5070445.0
2017-07-01,,,,,,,,,5255978.0,1645215.0,6901193.0,23893.0,5075828.0,53872.0,3887021.0,81111.0,99763.0,13355357.0,8925048.0,333013.0,115682.0,1843.0,3456570.0,3907108.0,3860754.0,321179.0,92994.0,296359.0,2731.0,443923.0,5017940.0
2017-08-01,,,,,,,,,5257709.0,1646806.0,6904515.0,29730.0,5062910.0,52958.0,3907108.0,81530.0,99781.0,13351354.0,8897951.0,337962.0,116036.0,1873.0,3467163.0,3923034.0,3813586.0,321636.0,93004.0,297639.0,2702.0,446350.0,4974917.0
2017-09-01,,,,,,,,,5257140.0,1647914.0,6905054.0,52283.0,5027657.0,52514.0,3923034.0,79670.0,104462.0,13362985.0,8919776.0,342906.0,116819.0,1903.0,3480265.0,3941893.0,3787863.0,337095.0,97737.0,303556.0,2567.0,449065.0,4977883.0
2017-10-01,,,,,,,,,5259296.0,1650288.0,6909584.0,57467.0,4968361.0,51837.0,3941893.0,81613.0,100021.0,13367949.0,8931698.0,342235.0,117131.0,1964.0,3492945.0,3954275.0,3786858.0,348436.0,93000.0,302890.0,2619.0,443620.0,4977423.0
2017-11-01,,,,,,,,,5260877.0,1651631.0,6912508.0,63653.0,4974997.0,51739.0,3954275.0,82445.0,98792.0,13375873.0,8948002.0,342289.0,117600.0,1899.0,3494254.0,3956042.0,3786238.0,346557.0,91925.0,309352.0,2634.0,455254.0,4991960.0
2017-12-01,,,,,,,,,5264821.0,1653070.0,6917891.0,68183.0,4982714.0,52033.0,3956042.0,84727.0,99235.0,13376348.0,8922022.0,337531.0,118874.0,1855.0,3508701.0,3966961.0,3749535.0,348790.0,91549.0,308296.0,2375.0,454516.0,4955061.0
2018-01-01,,,,,,,,,5265836.0,1653842.0,6919678.0,72303.0,4989000.0,51113.0,3966961.0,86491.0,95627.0,13365031.0,9192011.0,343050.0,119118.0,1853.0,3524537.0,3988558.0,3996350.0,341802.0,89096.0,313775.0,2815.0,459615.0,5203453.0
2018-02-01,,,,,,,,,5265929.0,1654237.0,6920166.0,75571.0,4950109.0,49460.0,3988558.0,83438.0,91504.0,13374687.0,9083038.0,320177.0,112540.0,1628.0,3371502.0,3805847.0,4073225.0,343154.0,85618.0,313151.0,2319.0,459724.0,5277191.0
2018-03-01,,,,,,,,,5265889.0,1654637.0,6920526.0,78121.0,5219190.0,49157.0,3805847.0,79381.0,92345.0,13373124.0,9100608.0,320538.0,109240.0,1545.0,3412050.0,3843373.0,4027503.0,339791.0,87049.0,319018.0,2226.0,481648.0,5257235.0
2018-04-01,,,,,,,,,5265048.0,1655214.0,6920262.0,80702.0,5292778.0,49523.0,3843373.0,76068.0,90331.0,13381632.0,9088186.0,319901.0,113585.0,1660.0,3436897.0,3872043.0,3980101.0,350820.0,84669.0,318227.0,2363.0,479963.0,5216143.0
2018-05-01,,,,,,,,,5266890.0,1656193.0,6923083.0,84710.0,5273647.0,48860.0,3872043.0,77644.0,93361.0,13389438.0,9123927.0,322253.0,115909.0,1749.0,3476418.0,3916329.0,3937614.0,354911.0,86567.0,327249.0,2764.0,498493.0,5207598.0
2018-06-01,,,,,,,,,5268016.0,1657503.0,6925519.0,88858.0,5236560.0,50253.0,3916329.0,77039.0,97537.0,13400911.0,9044058.0,321507.0,117945.0,1768.0,3522498.0,3963718.0,3804411.0,361690.0,89784.0,325430.0,3036.0,495989.0,5080340.0
2018-07-01,,,,,,,,,5271081.0,1658714.0,6929795.0,93665.0,5210221.0,50997.0,3963718.0,80152.0,99037.0,13400434.0,8840857.0,327010.0,119090.0,1833.0,3565321.0,4013254.0,3538124.0,363221.0,90319.0,326834.0,2642.0,506463.0,4827603.0
2018-08-01,,,,,,,,,5267468.0,1659979.0,6927447.0,98094.0,5086135.0,49684.0,4013254.0,78260.0,104087.0,13407817.0,8638838.0,319884.0,116119.0,1822.0,3472752.0,3910577.0,3419201.0,380239.0,94953.0,334498.0,2661.0,496709.0,4728261.0
2018-09-01,,,,,,,,,5262777.0,1659851.0,6922628.0,102952.0,4825411.0,47269.0,3910577.0,77939.0,108357.0,13416427.0,8663913.0,316350.0,120594.0,1275.0,3504953.0,3943172.0,3403921.0,384079.0,98244.0,329799.0,2120.0,502578.0,4720741.0
2018-10-01,,,,,,,,,5261466.0,1659752.0,6921218.0,106684.0,4724513.0,46433.0,3943172.0,80762.0,111366.0,13415415.0,8576063.0,315928.0,120083.0,1367.0,3544078.0,3981456.0,3274182.0,386764.0,99769.0,329622.0,2118.0,502152.0,4594607.0
2018-11-01,,,,,,,,,5261079.0,1660250.0,6921329.0,110711.0,4720703.0,46433.0,3981456.0,81209.0,115203.0,13423915.0,8496832.0,314969.0,120023.0,1336.0,3558096.0,3994424.0,3172707.0,388549.0,103243.0,330969.0,2387.0,504553.0,4502408.0
2018-12-01,,,,,,,,,5261955.0,1660917.0,6922872.0,115377.0,4596602.0,47365.0,3994424.0,85193.0,118268.0,13426434.0,8443563.0,320705.0,121144.0,1435.0,3580880.0,4024164.0,3080438.0,394934.0,106597.0,329855.0,2064.0,505511.0,4419399.0
2019-01-01,,,,,,,,,5260557.0,1661163.0,6921720.0,119439.0,4491100.0,44453.0,4024164.0,88981.0,118223.0,13423935.0,8878325.0,316679.0,121079.0,1447.0,3616439.0,4055644.0,3502436.0,382325.0,105815.0,327950.0,2062.0,502093.0,4822681.0
2019-02-01,,,,,,,,,5260521.0,1660733.0,6921254.0,122487.0,4406778.0,43032.0,4055644.0,84168.0,119007.0,13424403.0,8786702.0,307140.0,116038.0,1431.0,3487733.0,3912342.0,3548189.0,386816.0,106115.0,330361.0,2517.0,500362.0,4874360.0
2019-03-01,,,,,,,,,5262281.0,1662363.0,6924644.0,125067.0,4821657.0,44893.0,3912342.0,82238.0,116848.0,13424551.0,8728140.0,305278.0,115358.0,1449.0,3502649.0,3924734.0,3460565.0,398067.0,105839.0,333209.0,2957.0,502769.0,4803406.0
2019-04-01,,,,,,,,,5263440.0,1663905.0,6927345.0,124882.0,4866116.0,44190.0,3924734.0,75160.0,114464.0,13425600.0,8684386.0,302895.0,114905.0,1431.0,3549732.0,3968963.0,3375504.0,401271.0,103065.0,331907.0,3346.0,500330.0,4715423.0
2019-05-01,,,,,,,,,5266366.0,1664998.0,6931364.0,132025.0,4782822.0,43618.0,3968963.0,78640.0,117378.0,13429268.0,8547110.0,301454.0,117236.0,1573.0,3502777.0,3923040.0,3287201.0,404698.0,103536.0,327956.0,3283.0,497396.0,4624070.0
2019-06-01,,,,,,,,,5271323.0,1666691.0,6938014.0,135562.0,4691141.0,42982.0,3923040.0,77292.0,120250.0,13387245.0,8950693.0,309472.0,125440.0,1699.0,3834372.0,4270983.0,3284680.0,491501.0,105831.0,302405.0,2476.0,492817.0,4679710.0
2019-07-01,,,,,,,,,5275463.0,1668261.0,6943724.0,138695.0,4604389.0,41065.0,3917966.0,78965.0,116707.0,13401885.0,9105647.0,303143.0,120992.0,1685.0,3672808.0,4098628.0,3630621.0,478975.0,101543.0,301878.0,2966.0,491036.0,5007019.0
2019-08-01,,,,,,,,,5268376.0,1663422.0,6931798.0,141520.0,4679707.0,30663.0,4270983.0,75091.0,113466.0,13401315.0,8900060.0,300223.0,116734.0,1691.0,3639952.0,4058600.0,3502841.0,452509.0,99975.0,295749.0,2692.0,487694.0,4841460.0
2019-09-01,,,,,,,,,5257133.0,1661534.0,6918667.0,145544.0,5007020.0,41573.0,4098628.0,74445.0,114965.0,13511842.0,8997499.0,317134.0,124117.0,1846.0,3720415.0,4163512.0,3491147.0,458263.0,99617.0,295624.0,2509.0,486827.0,4833987.0
2019-10-01,,,,,,,,,5272441.0,1666235.0,6938676.0,149853.0,4841460.0,41024.0,4058600.0,74761.0,132755.0,13505460.0,8802684.0,315765.0,123213.0,1845.0,3713829.0,4154652.0,3310814.0,457998.0,101158.0,292555.0,2151.0,483356.0,4648032.0
2019-11-01,,,,,,,,,5270489.0,1666112.0,6936601.0,152682.0,4833987.0,41182.0,4163512.0,76061.0,117382.0,13498453.0,8858227.0,317287.0,122896.0,1818.0,3746733.0,4188734.0,3327963.0,462203.0,103228.0,292130.0,2199.0,481770.0,4669493.0
2019-12-01,,,,,,,,,5268834.0,1669770.0,6938604.0,156763.0,4645880.0,40470.0,4154652.0,78407.0,114651.0,13493330.0,8713370.0,319153.0,162119.0,2644.0,3793730.0,4277646.0,3112460.0,448200.0,101149.0,291897.0,2079.0,479939.0,4435724.0
2020-01-01,,,,,,,,,5265263.0,1670964.0,6936227.0,162294.0,4669493.0,40579.0,4188734.0,81205.0,118431.0,13505855.0,8871830.0,318774.0,158553.0,2561.0,3780508.0,4260396.0,3296994.0,428827.0,105751.0,297044.0,2373.0,480445.0,4611434.0
2020-02-01,,,,,,,,,5261075.0,1671555.0,6932630.0,164917.0,4435724.0,37726.0,4277646.0,79581.0,117793.0,13482011.0,9002415.0,318614.0,157263.0,2598.0,3803827.0,4282302.0,3405677.0,425895.0,106751.0,298926.0,2640.0,480224.0,4720113.0
2020-03-01,,,,,,,,,5259333.0,1672850.0,6932183.0,167596.0,4611434.0,39277.0,4260396.0,80871.0,116113.0,13407818.0,9011358.0,319058.0,151966.0,2560.0,3838326.0,4311910.0,3390980.0,425600.0,106239.0,297498.0,2633.0,476498.0,4699448.0
2020-04-01,,,,,,,,,5256783.0,1673848.0,6930631.0,169701.0,4720113.0,38156.0,4282302.0,78453.0,103601.0,13379855.0,8817100.0,320379.0,168981.0,2899.0,3902117.0,4394376.0,3180956.0,373487.0,95872.0,296106.0,2350.0,473953.0,4422724.0
2020-05-01,,,,,,,,,5249344.0,1671806.0,6921150.0,172647.0,4699448.0,30395.0,4311910.0,67137.0,118261.0,13340353.0,8835762.0,318710.0,157238.0,2642.0,3889039.0,4367629.0,3221400.0,369476.0,109417.0,294688.0,2321.0,470831.0,4468133.0
2020-06-01,,,,,,,,,5242767.0,1669209.0,6911976.0,172356.0,4422724.0,24841.0,4394376.0,51070.0,119490.0,13309404.0,8706665.0,317707.0,151673.0,2446.0,3905047.0,4376873.0,3046402.0,414131.0,109870.0,289956.0,2165.0,467268.0,4329792.0
2020-07-01,,,,,,,,,5237979.0,1669611.0,6907590.0,172197.0,4468133.0,22481.0,4367629.0,45710.0,127796.0,13297743.0,8764698.0,316389.0,143095.0,2317.0,3887380.0,4349181.0,3105839.0,435946.0,116667.0,287988.0,2250.0,466827.0,4415517.0
2020-08-01,,,,,,,,,5231813.0,1669680.0,6901493.0,172994.0,4329792.0,22748.0,4376873.0,51455.0,126213.0,13290198.0,8755601.0,315314.0,133246.0,2217.0,3856726.0,4307503.0,3130518.0,451874.0,113278.0,285694.0,2183.0,464551.0,4448098.0
2020-09-01,,,,,,,,,5226067.0,1671338.0,6897405.0,176483.0,4415517.0,25552.0,4349181.0,58942.0,141264.0,13277891.0,8772172.0,315079.0,130859.0,2191.0,3850017.0,4298146.0,3071339.0,433316.0,123908.0,281821.0,281821.0,281821.0,4474026.0
2020-10-01,,,,,,,,,,,,,,,,,,13313542.0,8507522.0,319149.0,132693.0,2274.0,3899606.0,4353722.0,2860045.0,426735.0,123880.0,279431.0,1921.0,461788.0,4153800.0
2020-11-01,,,,,,,,,,,,,,,,,,13300331.0,8708519.0,318962.0,129285.0,2210.0,3903383.0,4353840.0,2905090.0,582898.0,123434.0,279781.0,2238.0,461238.0,4354679.0
2020-12-01,,,,,,,,,,,,,,,,,,13290730.0,8534710.0,320024.0,128618.0,2280.0,3908395.0,4359317.0,2727975.0,586891.0,123408.0,276933.0,1693.0,458493.0,4175393.0
2021-01-01,,,,,,,,,,,,,,,,,,13304519.0,9143149.0,321070.0,133461.0,2320.0,3924883.0,4381734.0,3314243.0,569685.0,125296.0,284198.0,2406.0,465587.0,4761415.0
2021-02-01,,,,,,,,,,,,,,,,,,13304580.0,9216190.0,319276.0,132710.0,2533.0,3946580.0,4401099.0,3352850.0,588240.0,122956.0,282706.0,2376.0,465963.0,4815091.0
